,DT,RF,XGB
Accuracy,0.8083067092651757,0.8610223642172524,0.8913738019169329
B-Accuracy,0.7002470355731225,0.7169631093544137,0.8120223978919632
Precision,0.5,0.6987951807228916,0.7321428571428571
Recall,0.525,0.48333333333333334,0.6833333333333333
F1-Score,0.5121951219512195,0.5714285714285714,0.7068965517241379
MCC,0.3931802531440899,0.5036662059317845,0.6409011876256492
ROC-AUC,0.7002470355731225,0.7169631093544137,0.8120223978919632
