Total Return,CAGR,Volatility,Sharpe Ratio,Max Drawdown,CVaR (95%)
5.631169783747556,3.797941968566816,0.7075123288039769,2.5185370375711007,-0.507848291315588,0.0966692964093651
