Total Return,CAGR,Volatility,Sharpe Ratio,Max Drawdown,CVaR (95%)
5.631169783747544,3.7979419685668088,0.7075129947200344,2.5185352463329527,-0.5078482226522225,0.09666938257824303
