Total Return,CAGR,Volatility,Sharpe Ratio,Max Drawdown,CVaR (95%)
5.631168045824846,3.79794092619594,0.7075127429868309,2.518536500882963,-0.5078481191182966,0.0966693914451216
