Total Return,CAGR,Volatility,Sharpe Ratio,Max Drawdown,CVaR (95%)
5.741322948754665,3.863916346562722,0.7084449031579299,2.5355202761796956,-0.5078480874809965,0.09666934213325667
