Total Return,CAGR,Volatility,Sharpe Ratio,Max Drawdown,CVaR (95%)
5.631169204439872,3.7979416211097945,0.7075125076829185,2.5185366070506054,-0.5078480542270523,0.09666940334571816
