Total Return,CAGR,Volatility,Sharpe Ratio,Max Drawdown,CVaR (95%)
5.631168625132307,3.797941273652839,0.7075125885107233,2.5185366859385834,-0.5078480869421202,0.09666935996308934
