Total Return,CAGR,Volatility,Sharpe Ratio,Max Drawdown,CVaR (95%)
9.45227002314647,7.522825767502956,0.6350842120225048,3.63556992305613,-0.4421921980336979,0.08241844065964363
