Total Return,CAGR,Volatility,Sharpe Ratio,Max Drawdown,CVaR (95%)
47.016549999401526,51.771627487360085,0.580212735627532,7.09470002139425,-0.1364497671943221,0.06198300486415634
