Total Return,CAGR,Volatility,Sharpe Ratio,Max Drawdown,CVaR (95%)
47.01647595931297,51.77154413039571,0.5802129818327547,7.094695101954492,-0.1364496077717261,0.06198305507222157
