Total Return,CAGR,Volatility,Sharpe Ratio,Max Drawdown,CVaR (95%)
47.0165142953044,51.7715872904176,0.580213029758252,7.094696462774741,-0.13644968218369724,0.06198309448916232
