Total Return,CAGR,Volatility,Sharpe Ratio,Max Drawdown,CVaR (95%)
9.625909250138136,7.652007280546764,0.6361757379245517,3.6542298595400453,-0.44219172373542226,0.08241834589094015
