Total Return,CAGR,Volatility,Sharpe Ratio,Max Drawdown,CVaR (95%)
9.452272843561175,7.522827867300453,0.6350836778635274,3.6355719650368257,-0.4421925092213109,0.08241839044444386
