Total Return,CAGR,Volatility,Sharpe Ratio,Max Drawdown,CVaR (95%)
9.452277701871392,7.522831484310137,0.6350837357113904,3.6355722264158867,-0.4421924129537158,0.08241833993220829
