Total Return,CAGR,Volatility,Sharpe Ratio,Max Drawdown,CVaR (95%)
47.0165331148285,51.77160847810712,0.5802128051004041,7.09469845563478,-0.13644978314765877,0.06198306974878202
