Total Return,CAGR,Volatility,Sharpe Ratio,Max Drawdown,CVaR (95%)
47.814107115035014,52.66972657333725,0.5813337304458432,7.111585671732254,-0.13644980969961962,0.06198294413811334
