Total Return,CAGR,Volatility,Sharpe Ratio,Max Drawdown,CVaR (95%)
9.452275878480497,7.522830126796485,0.6350838223366294,3.635572191120071,-0.4421921453009131,0.08241840403304461
